{
  "frontend/vite.config.ts": 1777133131.4694982,
  "frontend/src/App.tsx": 1777573253.6537824,
  "frontend/src/main.tsx": 1777573243.0544188,
  "frontend/src/lib/utils.ts": 1777133147.624116,
  "frontend/src/lib/theme.tsx": 1777520046.5398169,
  "frontend/src/pages/Dashboard.tsx": 1777576136.5747814,
  "backend/convex/_generated/dataModel.d.ts": 1777543548.8524668,
  "backend/convex/_generated/api.d.ts": 1777567110.5497518,
  "backend/convex/_generated/server.d.ts": 1777543548.8817534,
  "backend/convex/_generated/server.js": 1777567109.2786682,
  "backend/convex/_generated/api.js": 1777567109.30463,
  "backend/src/types.ts": 1777549056.8445451,
  "backend/src/index.ts": 1777575081.5505843,
  "backend/src/db.ts": 1777570118.9816487,
  "backend/src/middleware/auth.ts": 1777574750.896396,
  "backend/src/types/express.d.ts": 1777549176.712175,
  "backend/src/routes/insights.ts": 1777548950.086477,
  "backend/src/routes/progress.ts": 1777548937.2158604,
  "backend/src/routes/meals.ts": 1777548884.4005206,
  "backend/src/routes/workouts.ts": 1777548909.6591017,
  "backend/src/routes/chat.ts": 1777548959.19788,
  "backend/src/routes/profile.ts": 1777569814.5233471,
  "backend/src/routes/ai.ts": 1777576026.2851915,
  "backend/src/routes/goals.ts": 1777548921.4221218,
  "backend/src/routes/auth.ts": 1777570218.475234,
  "README.md": 1777540852.5752194,
  "AGENTS.md": 1777549276.6871989,
  "CLAUDE.md": 1777540405.087002,
  "frontend/public/icons.svg": 1777133104.8013184,
  "frontend/public/favicon.svg": 1777133104.8006659
}